username,email,location
toni,tonitoni@email.com,jakarta
tipen,tipentipen@email.com,selatan
titan,titantitan@email.com,malioboro
nop,nopnop@email.com,suroboyoan
ijun,junijun@email.com,semarang
suka,sukalike@email.com,ngalam
ninda,mbaninda@email.com,yogyakarta
winn,winwin@email.com,toba